filename,filepath,agency,document_type
statement-of-multiple-county-use-of-vehicle-reg-6004.pdf,/content/drive/MyDrive/newstart_ai/data/raw/dmv/statement-of-multiple-county-use-of-vehicle-reg-6004.pdf,DMV,form
traffic-violator-school-foreign-language-approval-request.pdf,/content/drive/MyDrive/newstart_ai/data/raw/dmv/traffic-violator-school-foreign-language-approval-request.pdf,DMV,form
motorized-bicycle-instructions-application-reg-230.pdf,/content/drive/MyDrive/newstart_ai/data/raw/dmv/motorized-bicycle-instructions-application-reg-230.pdf,DMV,form
request-for-vehicle-vessel-automated-record-information-inf-1123.pdf,/content/drive/MyDrive/newstart_ai/data/raw/dmv/request-for-vehicle-vessel-automated-record-information-inf-1123.pdf,DMV,form
renewal-list.pdf,/content/drive/MyDrive/newstart_ai/data/raw/dmv/renewal-list.pdf,DMV,form
traffic-violator-school-branch-business-office-classroom-application-ol-712-pdf.pdf,/content/drive/MyDrive/newstart_ai/data/raw/dmv/traffic-violator-school-branch-business-office-classroom-application-ol-712-pdf.pdf,DMV,form
notification-of-class-schedule-ol-854e.pdf,/content/drive/MyDrive/newstart_ai/data/raw/dmv/notification-of-class-schedule-ol-854e.pdf,DMV,form
notice-of-change-of-address.pdf,/content/drive/MyDrive/newstart_ai/data/raw/dmv/notice-of-change-of-address.pdf,DMV,form
salvage-vehicle-notice-of-retention-by-owner-reg-481.pdf,/content/drive/MyDrive/newstart_ai/data/raw/dmv/salvage-vehicle-notice-of-retention-by-owner-reg-481.pdf,DMV,form
notice-of-intent-to-dispose-of-a-vehicle-valued-500-or-less-removed-by-a-public-agency-for-reasons-other-than-abandonment-reg-684.pdf,/content/drive/MyDrive/newstart_ai/data/raw/dmv/notice-of-intent-to-dispose-of-a-vehicle-valued-500-or-less-removed-by-a-public-agency-for-reasons-other-than-abandonment-reg-684.pdf,DMV,form
application-for-disabled-person-placard-or-plates-reg-195.pdf,/content/drive/MyDrive/newstart_ai/data/raw/dmv/application-for-disabled-person-placard-or-plates-reg-195.pdf,DMV,form
sample-license-plate-order-form-reg-580.pdf,/content/drive/MyDrive/newstart_ai/data/raw/dmv/sample-license-plate-order-form-reg-580.pdf,DMV,form
official-school-class-cancellation-for-standard-emergency-notification-ol-749.pdf,/content/drive/MyDrive/newstart_ai/data/raw/dmv/official-school-class-cancellation-for-standard-emergency-notification-ol-749.pdf,DMV,form
business-partner-automation-renewal-application-reg-5056.pdf,/content/drive/MyDrive/newstart_ai/data/raw/dmv/business-partner-automation-renewal-application-reg-5056.pdf,DMV,form
verification-authorization-thai-dl-93-th.pdf,/content/drive/MyDrive/newstart_ai/data/raw/dmv/verification-authorization-thai-dl-93-th.pdf,DMV,form
occupational-licensing-section-notification-of-commercial-skills-test-schedule-ol-810.pdf,/content/drive/MyDrive/newstart_ai/data/raw/dmv/occupational-licensing-section-notification-of-commercial-skills-test-schedule-ol-810.pdf,DMV,form
notification-of-alternative-forms-of-financial-responsibility-reg-5085.pdf,/content/drive/MyDrive/newstart_ai/data/raw/dmv/notification-of-alternative-forms-of-financial-responsibility-reg-5085.pdf,DMV,form
occupational-license-notice-of-reinstatement-ol-4008.pdf,/content/drive/MyDrive/newstart_ai/data/raw/dmv/occupational-license-notice-of-reinstatement-ol-4008.pdf,DMV,form
application-for-return-of-non-resident-plates-reg-356.pdf,/content/drive/MyDrive/newstart_ai/data/raw/dmv/application-for-return-of-non-resident-plates-reg-356.pdf,DMV,form
traffic-violator-school-quarterly-report-ol-850.pdf,/content/drive/MyDrive/newstart_ai/data/raw/dmv/traffic-violator-school-quarterly-report-ol-850.pdf,DMV,form
application-for-vessel-certificate-of-number-boat-101.pdf,/content/drive/MyDrive/newstart_ai/data/raw/dmv/application-for-vessel-certificate-of-number-boat-101.pdf,DMV,form
request-for-closure-of-employer-pull-notice-account-form-and-instructions-inf-1112.pdf,/content/drive/MyDrive/newstart_ai/data/raw/dmv/request-for-closure-of-employer-pull-notice-account-form-and-instructions-inf-1112.pdf,DMV,form
permanent-fleet-registration-addition-deletion-mc-495-p.pdf,/content/drive/MyDrive/newstart_ai/data/raw/dmv/permanent-fleet-registration-addition-deletion-mc-495-p.pdf,DMV,form
annual-report-of-autonomous-vehicle-disengagement-ol-311r.pdf,/content/drive/MyDrive/newstart_ai/data/raw/dmv/annual-report-of-autonomous-vehicle-disengagement-ol-311r.pdf,DMV,form
motor-carrier-permit-application-instruction-dmv-706.pdf,/content/drive/MyDrive/newstart_ai/data/raw/dmv/motor-carrier-permit-application-instruction-dmv-706.pdf,DMV,form
traffic-violator-school-voluntary-attendance-consumer-disclosure-statement-ol-732.pdf,/content/drive/MyDrive/newstart_ai/data/raw/dmv/traffic-violator-school-voluntary-attendance-consumer-disclosure-statement-ol-732.pdf,DMV,form
attorneys-information-request-vehicle-vessel-related-incidents-only-inf-1161e.pdf,/content/drive/MyDrive/newstart_ai/data/raw/dmv/attorneys-information-request-vehicle-vessel-related-incidents-only-inf-1161e.pdf,DMV,form
application-for-authorization-to-issue-student-license-ol-804.pdf,/content/drive/MyDrive/newstart_ai/data/raw/dmv/application-for-authorization-to-issue-student-license-ol-804.pdf,DMV,form
autonomous-vehicle-tester-avt-program-application-for-certificate-of-self-insurance-ol-319.pdf,/content/drive/MyDrive/newstart_ai/data/raw/dmv/autonomous-vehicle-tester-avt-program-application-for-certificate-of-self-insurance-ol-319.pdf,DMV,form
application-for-replacement-or-transfer-vessel-title.pdf,/content/drive/MyDrive/newstart_ai/data/raw/dmv/application-for-replacement-or-transfer-vessel-title.pdf,DMV,form
ol-400.pdf,/content/drive/MyDrive/newstart_ai/data/raw/dmv/ol-400.pdf,DMV,form
bill-of-sale-reg-135-pdf.pdf,/content/drive/MyDrive/newstart_ai/data/raw/dmv/bill-of-sale-reg-135-pdf.pdf,DMV,form
non-repairable-vehicle-notice-of-retention-by-owner-reg-480.pdf,/content/drive/MyDrive/newstart_ai/data/raw/dmv/non-repairable-vehicle-notice-of-retention-by-owner-reg-480.pdf,DMV,form
notice-of-pending-lien-sale-for-vessels-or-vessel-trailers-valued-at-1500-or-less-boat-156.pdf,/content/drive/MyDrive/newstart_ai/data/raw/dmv/notice-of-pending-lien-sale-for-vessels-or-vessel-trailers-valued-at-1500-or-less-boat-156.pdf,DMV,form
dealer-education-certificate-issuance-log-pre-licensing-ol-4005.pdf,/content/drive/MyDrive/newstart_ai/data/raw/dmv/dealer-education-certificate-issuance-log-pre-licensing-ol-4005.pdf,DMV,form
state-agency-sponsored-specialized-license-plate-application-reg-5102.pdf,/content/drive/MyDrive/newstart_ai/data/raw/dmv/state-agency-sponsored-specialized-license-plate-application-reg-5102.pdf,DMV,form
school-bus-registration-or-permit-application-reg-123.pdf,/content/drive/MyDrive/newstart_ai/data/raw/dmv/school-bus-registration-or-permit-application-reg-123.pdf,DMV,form
eeo-discrimination-complaint-confidential-exec-50.pdf,/content/drive/MyDrive/newstart_ai/data/raw/dmv/eeo-discrimination-complaint-confidential-exec-50.pdf,DMV,form
financial-responsibility-information-request-sr-19c.pdf,/content/drive/MyDrive/newstart_ai/data/raw/dmv/financial-responsibility-information-request-sr-19c.pdf,DMV,form
autonomous-vehicle-deployment-checklist-ol-321c.pdf,/content/drive/MyDrive/newstart_ai/data/raw/dmv/autonomous-vehicle-deployment-checklist-ol-321c.pdf,DMV,form
vehicle-vessel-or-off-highway-vehicle-title-deposit-agreement-and-assignment-reg-5059.pdf,/content/drive/MyDrive/newstart_ai/data/raw/dmv/vehicle-vessel-or-off-highway-vehicle-title-deposit-agreement-and-assignment-reg-5059.pdf,DMV,form
dui-program-signatory-authority-dl-101s.pdf,/content/drive/MyDrive/newstart_ai/data/raw/dmv/dui-program-signatory-authority-dl-101s.pdf,DMV,form
dealer-statement-of-facts-reg-477.pdf,/content/drive/MyDrive/newstart_ai/data/raw/dmv/dealer-statement-of-facts-reg-477.pdf,DMV,form
declaration-of-gvw-cgw-reg-4008-pdf.pdf,/content/drive/MyDrive/newstart_ai/data/raw/dmv/declaration-of-gvw-cgw-reg-4008-pdf.pdf,DMV,form
statement-to-record-ownership-reg-101.pdf,/content/drive/MyDrive/newstart_ai/data/raw/dmv/statement-to-record-ownership-reg-101.pdf,DMV,form
ignition-interlock-device-iid-medical-exemption-request-dl-4063.pdf,/content/drive/MyDrive/newstart_ai/data/raw/dmv/ignition-interlock-device-iid-medical-exemption-request-dl-4063.pdf,DMV,form
certification-of-agency-inf-1184.pdf,/content/drive/MyDrive/newstart_ai/data/raw/dmv/certification-of-agency-inf-1184.pdf,DMV,form
certificate-of-facts-re-unsatisfied-judgment.pdf,/content/drive/MyDrive/newstart_ai/data/raw/dmv/certificate-of-facts-re-unsatisfied-judgment.pdf,DMV,form
certification-of-lien-sale-for-vessel-or-vessel-with-trailer-valued-over-1500-boat-178.pdf,/content/drive/MyDrive/newstart_ai/data/raw/dmv/certification-of-lien-sale-for-vessel-or-vessel-with-trailer-valued-over-1500-boat-178.pdf,DMV,form
application-for-title-or-registration-verification-of-vehicle-reg-343.pdf,/content/drive/MyDrive/newstart_ai/data/raw/dmv/application-for-title-or-registration-verification-of-vehicle-reg-343.pdf,DMV,form
notice-of-pending-lien-sale-for-vessels-or-vessel-trailers-valued-at-1500-or-less-boat-156-2.pdf,/content/drive/MyDrive/newstart_ai/data/raw/dmv/notice-of-pending-lien-sale-for-vessels-or-vessel-trailers-valued-at-1500-or-less-boat-156-2.pdf,DMV,form
vessel-agent-supply-order-form-ol-857.pdf,/content/drive/MyDrive/newstart_ai/data/raw/dmv/vessel-agent-supply-order-form-ol-857.pdf,DMV,form
california-identification-card-renewal-by-mail-eligibility-dl-410-id.pdf,/content/drive/MyDrive/newstart_ai/data/raw/dmv/california-identification-card-renewal-by-mail-eligibility-dl-410-id.pdf,DMV,form
commercial-requester-account-bond-inf-1132.pdf,/content/drive/MyDrive/newstart_ai/data/raw/dmv/commercial-requester-account-bond-inf-1132.pdf,DMV,form
certification-for-disabled-veterans-license-plates-reg-256v.pdf,/content/drive/MyDrive/newstart_ai/data/raw/dmv/certification-for-disabled-veterans-license-plates-reg-256v.pdf,DMV,form
california-identification-card-renewal-by-mail-eligibility.pdf,/content/drive/MyDrive/newstart_ai/data/raw/dmv/california-identification-card-renewal-by-mail-eligibility.pdf,DMV,form
dismissal-for-reason-involving-pupil-transportation-safety-dl-128.pdf,/content/drive/MyDrive/newstart_ai/data/raw/dmv/dismissal-for-reason-involving-pupil-transportation-safety-dl-128.pdf,DMV,form
notice-removal-of-abandoned-vehicle-reg-104.pdf,/content/drive/MyDrive/newstart_ai/data/raw/dmv/notice-removal-of-abandoned-vehicle-reg-104.pdf,DMV,form
permanent-trailer-identification-certification-reg-4017.pdf,/content/drive/MyDrive/newstart_ai/data/raw/dmv/permanent-trailer-identification-certification-reg-4017.pdf,DMV,form
application-for-vehicle-license-fee-refund-reg-65.pdf,/content/drive/MyDrive/newstart_ai/data/raw/dmv/application-for-vehicle-license-fee-refund-reg-65.pdf,DMV,form
application-for-replacement-or-transfer-of-title-reg-227.pdf,/content/drive/MyDrive/newstart_ai/data/raw/dmv/application-for-replacement-or-transfer-of-title-reg-227.pdf,DMV,form
application-for-salvage-certificate-or-nonrepairable-vehicle-certificate-reg-488c.pdf,/content/drive/MyDrive/newstart_ai/data/raw/dmv/application-for-salvage-certificate-or-nonrepairable-vehicle-certificate-reg-488c.pdf,DMV,form
business-partner-deposit-agreement-and-assignment-reg-4029.pdf,/content/drive/MyDrive/newstart_ai/data/raw/dmv/business-partner-deposit-agreement-and-assignment-reg-4029.pdf,DMV,form
california-commercial-driver-license-self-certification-form-dl-694.pdf,/content/drive/MyDrive/newstart_ai/data/raw/dmv/california-commercial-driver-license-self-certification-form-dl-694.pdf,DMV,form
authorization-for-release-of-driver-record-information-inf-1101.pdf,/content/drive/MyDrive/newstart_ai/data/raw/dmv/authorization-for-release-of-driver-record-information-inf-1101.pdf,DMV,form
disabled-person-or-disabled-veteran-license-plate-certification-form-reg-3060.pdf,/content/drive/MyDrive/newstart_ai/data/raw/dmv/disabled-person-or-disabled-veteran-license-plate-certification-form-reg-3060.pdf,DMV,form
ds-334.pdf,/content/drive/MyDrive/newstart_ai/data/raw/dmv/ds-334.pdf,DMV,form
application-for-special-identification-plate-dealer-manufacturer-reg-353.pdf,/content/drive/MyDrive/newstart_ai/data/raw/dmv/application-for-special-identification-plate-dealer-manufacturer-reg-353.pdf,DMV,form
request-for-driver-reexamination-ds-699-sp-pdf.pdf,/content/drive/MyDrive/newstart_ai/data/raw/dmv/request-for-driver-reexamination-ds-699-sp-pdf.pdf,DMV,form
application-for-tvs-administrator-change-ol-757.pdf,/content/drive/MyDrive/newstart_ai/data/raw/dmv/application-for-tvs-administrator-change-ol-757.pdf,DMV,form
revised-miscellaneous-certifications-reg-256a.pdf,/content/drive/MyDrive/newstart_ai/data/raw/dmv/revised-miscellaneous-certifications-reg-256a.pdf,DMV,form
declaration-regarding-certificate-of-insurance-for-non-resident-driver-dl-300.pdf,/content/drive/MyDrive/newstart_ai/data/raw/dmv/declaration-regarding-certificate-of-insurance-for-non-resident-driver-dl-300.pdf,DMV,form
employer-testing-program-commercial-dpe-maneuver-checklist-dl-807-etp.pdf,/content/drive/MyDrive/newstart_ai/data/raw/dmv/employer-testing-program-commercial-dpe-maneuver-checklist-dl-807-etp.pdf,DMV,form
request-for-cancellation-or-surrender-of-a-driver-license-or-identification-card-dl-142.pdf,/content/drive/MyDrive/newstart_ai/data/raw/dmv/request-for-cancellation-or-surrender-of-a-driver-license-or-identification-card-dl-142.pdf,DMV,form
certificate-of-insurance-irp-or-pfr-mc-5009-i.pdf,/content/drive/MyDrive/newstart_ai/data/raw/dmv/certificate-of-insurance-irp-or-pfr-mc-5009-i.pdf,DMV,form
nonresident-military-nrm-exemption-statement-reg-5045.pdf,/content/drive/MyDrive/newstart_ai/data/raw/dmv/nonresident-military-nrm-exemption-statement-reg-5045.pdf,DMV,form
traffic-accident-record-correction-request-traffic-accident-information-only-dl-208.pdf,/content/drive/MyDrive/newstart_ai/data/raw/dmv/traffic-accident-record-correction-request-traffic-accident-information-only-dl-208.pdf,DMV,form
report-out-of-state-traffic-conviction-by-a-commercial-driver-dl-535.pdf,/content/drive/MyDrive/newstart_ai/data/raw/dmv/report-out-of-state-traffic-conviction-by-a-commercial-driver-dl-535.pdf,DMV,form
employer-testing-program-agreement-dl-520b-etp.pdf,/content/drive/MyDrive/newstart_ai/data/raw/dmv/employer-testing-program-agreement-dl-520b-etp.pdf,DMV,form
request-for-your-own-driver-license-identification-card-or-vehicle-vessel-registration-information-record-inf-1125.pdf,/content/drive/MyDrive/newstart_ai/data/raw/dmv/request-for-your-own-driver-license-identification-card-or-vehicle-vessel-registration-information-record-inf-1125.pdf,DMV,form
request-for-driver-reexamination-ds-699.pdf,/content/drive/MyDrive/newstart_ai/data/raw/dmv/request-for-driver-reexamination-ds-699.pdf,DMV,form
application-for-termination-of-action-dl-4006.pdf,/content/drive/MyDrive/newstart_ai/data/raw/dmv/application-for-termination-of-action-dl-4006.pdf,DMV,form
physicians-health-report-dl-546a.pdf,/content/drive/MyDrive/newstart_ai/data/raw/dmv/physicians-health-report-dl-546a.pdf,DMV,form
application-for-permit-to-deploy-autonomous-vehicles-ol321-on-public-streets.pdf,/content/drive/MyDrive/newstart_ai/data/raw/dmv/application-for-permit-to-deploy-autonomous-vehicles-ol321-on-public-streets.pdf,DMV,form
internet-security-agreement-certification-program-provider-administrator-dl-945.pdf,/content/drive/MyDrive/newstart_ai/data/raw/dmv/internet-security-agreement-certification-program-provider-administrator-dl-945.pdf,DMV,form
request-for-approval-of-tvs-operator-educational-training-program-ol-765.pdf,/content/drive/MyDrive/newstart_ai/data/raw/dmv/request-for-approval-of-tvs-operator-educational-training-program-ol-765.pdf,DMV,form
certificate-of-repossession-reg-119.pdf,/content/drive/MyDrive/newstart_ai/data/raw/dmv/certificate-of-repossession-reg-119.pdf,DMV,form
notice-of-transfer-and-release-of-liability-reg-138.pdf,/content/drive/MyDrive/newstart_ai/data/raw/dmv/notice-of-transfer-and-release-of-liability-reg-138.pdf,DMV,form
business-partner-automation-program-information-security-pre-implementation-checklist-exec-5555b.pdf,/content/drive/MyDrive/newstart_ai/data/raw/dmv/business-partner-automation-program-information-security-pre-implementation-checklist-exec-5555b.pdf,DMV,form
salesperson-license-renewal-application.pdf,/content/drive/MyDrive/newstart_ai/data/raw/dmv/salesperson-license-renewal-application.pdf,DMV,form
california-irp-vehicle-data-schedule-c-mc-2118i.pdf,/content/drive/MyDrive/newstart_ai/data/raw/dmv/california-irp-vehicle-data-schedule-c-mc-2118i.pdf,DMV,form
business-partner-automation-program-representative-non-disclosure-statement-reg-4028.pdf,/content/drive/MyDrive/newstart_ai/data/raw/dmv/business-partner-automation-program-representative-non-disclosure-statement-reg-4028.pdf,DMV,form
verification-of-vehicle-not-to-be-completed-by-applicant-reg-31.pdf,/content/drive/MyDrive/newstart_ai/data/raw/dmv/verification-of-vehicle-not-to-be-completed-by-applicant-reg-31.pdf,DMV,form
report-of-traffic-accident-occurring-in-california.pdf,/content/drive/MyDrive/newstart_ai/data/raw/dmv/report-of-traffic-accident-occurring-in-california.pdf,DMV,form
verification-authorization-process-dl-94.pdf,/content/drive/MyDrive/newstart_ai/data/raw/dmv/verification-authorization-process-dl-94.pdf,DMV,form
application-for-replacement-plates-stickers-documents-reg-156.pdf,/content/drive/MyDrive/newstart_ai/data/raw/dmv/application-for-replacement-plates-stickers-documents-reg-156.pdf,DMV,form
year-model-disclosure-statement-reg-5060.pdf,/content/drive/MyDrive/newstart_ai/data/raw/dmv/year-model-disclosure-statement-reg-5060.pdf,DMV,form
application-for-boat-registration-number-dealer-manufacturer-boat-101a.pdf,/content/drive/MyDrive/newstart_ai/data/raw/dmv/application-for-boat-registration-number-dealer-manufacturer-boat-101a.pdf,DMV,form
50000-bond-exemption-application-ol-56.pdf,/content/drive/MyDrive/newstart_ai/data/raw/dmv/50000-bond-exemption-application-ol-56.pdf,DMV,form
statement-of-facts-reg-256.pdf,/content/drive/MyDrive/newstart_ai/data/raw/dmv/statement-of-facts-reg-256.pdf,DMV,form
application-for-critical-need-restrisction-ds-694.pdf,/content/drive/MyDrive/newstart_ai/data/raw/dmv/application-for-critical-need-restrisction-ds-694.pdf,DMV,form
request-for-voluntary-withdrawal-private-carrier-of-passengers-certificate-reg-1308.pdf,/content/drive/MyDrive/newstart_ai/data/raw/dmv/request-for-voluntary-withdrawal-private-carrier-of-passengers-certificate-reg-1308.pdf,DMV,form
language-access-complaint-form-english-adm-140.pdf,/content/drive/MyDrive/newstart_ai/data/raw/dmv/language-access-complaint-form-english-adm-140.pdf,DMV,form
vessel-dealer-or-manufacturers-sales-tax-certification.pdf,/content/drive/MyDrive/newstart_ai/data/raw/dmv/vessel-dealer-or-manufacturers-sales-tax-certification.pdf,DMV,form
verification-authorization-process-khmer-dl-94-km.pdf,/content/drive/MyDrive/newstart_ai/data/raw/dmv/verification-authorization-process-khmer-dl-94-km.pdf,DMV,form
self-referral-for-reevaluation-of-driving-skill-ds-699a.pdf,/content/drive/MyDrive/newstart_ai/data/raw/dmv/self-referral-for-reevaluation-of-driving-skill-ds-699a.pdf,DMV,form
historical-vessel-plaque.pdf,/content/drive/MyDrive/newstart_ai/data/raw/dmv/historical-vessel-plaque.pdf,DMV,form
employer-testing-program-examiner-certification-application-dl-811-etp.pdf,/content/drive/MyDrive/newstart_ai/data/raw/dmv/employer-testing-program-examiner-certification-application-dl-811-etp.pdf,DMV,form
request-for-approval-of-tvs-educational-program-ol-764.pdf,/content/drive/MyDrive/newstart_ai/data/raw/dmv/request-for-approval-of-tvs-educational-program-ol-764.pdf,DMV,form
statement-of-construction-reg-5036.pdf,/content/drive/MyDrive/newstart_ai/data/raw/dmv/statement-of-construction-reg-5036.pdf,DMV,form
certification-of-lien-sale-for-vehicle-valued-4000-or-less-reg-168a-pdf.pdf,/content/drive/MyDrive/newstart_ai/data/raw/dmv/certification-of-lien-sale-for-vehicle-valued-4000-or-less-reg-168a-pdf.pdf,DMV,form
solicitud-para-obtener-el-certificado-de-transportista-privado-de-pasajeros-reg-1300.pdf,/content/drive/MyDrive/newstart_ai/data/raw/dmv/solicitud-para-obtener-el-certificado-de-transportista-privado-de-pasajeros-reg-1300.pdf,DMV,form
request-for-live-scan-service-applicant-submission-dmv-8016.pdf,/content/drive/MyDrive/newstart_ai/data/raw/dmv/request-for-live-scan-service-applicant-submission-dmv-8016.pdf,DMV,form
postal-service-verification-of-no-mail-delivery-service-or-change-of-address-ol-4000.pdf,/content/drive/MyDrive/newstart_ai/data/raw/dmv/postal-service-verification-of-no-mail-delivery-service-or-change-of-address-ol-4000.pdf,DMV,form
authorization-requisition-for-driver-instruction-forms-dl-396.pdf,/content/drive/MyDrive/newstart_ai/data/raw/dmv/authorization-requisition-for-driver-instruction-forms-dl-396.pdf,DMV,form
enrollment-application-tvs-court-primary-administrator-traffic-violator-course-completion-database-ol-771.pdf,/content/drive/MyDrive/newstart_ai/data/raw/dmv/enrollment-application-tvs-court-primary-administrator-traffic-violator-course-completion-database-ol-771.pdf,DMV,form
application-for-traffic-violator-school-operator-and-instructor-license-ol-710-pdf.pdf,/content/drive/MyDrive/newstart_ai/data/raw/dmv/application-for-traffic-violator-school-operator-and-instructor-license-ol-710-pdf.pdf,DMV,form
information-request-motor-carrier-permit-mc-430-m.pdf,/content/drive/MyDrive/newstart_ai/data/raw/dmv/information-request-motor-carrier-permit-mc-430-m.pdf,DMV,form
application-for-authorization-to-continue-lien-sale-after-unsuccessful-service-reg-659.pdf,/content/drive/MyDrive/newstart_ai/data/raw/dmv/application-for-authorization-to-continue-lien-sale-after-unsuccessful-service-reg-659.pdf,DMV,form
cuestionario-de-medico-dl-546.pdf,/content/drive/MyDrive/newstart_ai/data/raw/dmv/cuestionario-de-medico-dl-546.pdf,DMV,form
internet-security-agreement-certification-dadp-provider-administrator-dl-952.pdf,/content/drive/MyDrive/newstart_ai/data/raw/dmv/internet-security-agreement-certification-dadp-provider-administrator-dl-952.pdf,DMV,form
driver-license-record-correction-request-dl-207.pdf,/content/drive/MyDrive/newstart_ai/data/raw/dmv/driver-license-record-correction-request-dl-207.pdf,DMV,form
special-interest-license-plates-application-reg-17.pdf,/content/drive/MyDrive/newstart_ai/data/raw/dmv/special-interest-license-plates-application-reg-17.pdf,DMV,form
application-for-modification-to-a-traffic-violator-school-license-ol-736.pdf,/content/drive/MyDrive/newstart_ai/data/raw/dmv/application-for-modification-to-a-traffic-violator-school-license-ol-736.pdf,DMV,form
application-for-renewal-of-traffic-violator-school-tvs-instructor-license-ol-740.pdf,/content/drive/MyDrive/newstart_ai/data/raw/dmv/application-for-renewal-of-traffic-violator-school-tvs-instructor-license-ol-740.pdf,DMV,form
ignition-interlock-device-exemption-request-dl-4062-pdf.pdf,/content/drive/MyDrive/newstart_ai/data/raw/dmv/ignition-interlock-device-exemption-request-dl-4062-pdf.pdf,DMV,form
notice-of-non-compliance-ignition-interlock-dl-921.pdf,/content/drive/MyDrive/newstart_ai/data/raw/dmv/notice-of-non-compliance-ignition-interlock-dl-921.pdf,DMV,form
application-for-special-equipment-identification-plate-reg-88.pdf,/content/drive/MyDrive/newstart_ai/data/raw/dmv/application-for-special-equipment-identification-plate-reg-88.pdf,DMV,form
year-of-manufacture-yom-license-plate-application-reg-352.pdf,/content/drive/MyDrive/newstart_ai/data/raw/dmv/year-of-manufacture-yom-license-plate-application-reg-352.pdf,DMV,form
industry-holdout-correction-request-fax-transmission-sheet-fo-31.pdf,/content/drive/MyDrive/newstart_ai/data/raw/dmv/industry-holdout-correction-request-fax-transmission-sheet-fo-31.pdf,DMV,form
authorization-to-release-financial-information-ol-53.pdf,/content/drive/MyDrive/newstart_ai/data/raw/dmv/authorization-to-release-financial-information-ol-53.pdf,DMV,form
41965.pdf,/content/drive/MyDrive/newstart_ai/data/raw/dmv/41965.pdf,DMV,form
specialized-transportation-vehicle-exemption-certification-reg-345.pdf,/content/drive/MyDrive/newstart_ai/data/raw/dmv/specialized-transportation-vehicle-exemption-certification-reg-345.pdf,DMV,form
business-partner-automation-application-second-line-business-partner-reg-4025.pdf,/content/drive/MyDrive/newstart_ai/data/raw/dmv/business-partner-automation-application-second-line-business-partner-reg-4025.pdf,DMV,form
request-for-vehicle-vessel-photo-history-information-inf-1124.pdf,/content/drive/MyDrive/newstart_ai/data/raw/dmv/request-for-vehicle-vessel-photo-history-information-inf-1124.pdf,DMV,form
quarterly-physical-inventory-boat-124.pdf,/content/drive/MyDrive/newstart_ai/data/raw/dmv/quarterly-physical-inventory-boat-124.pdf,DMV,form
traffic-violator-course-completion-tvcc-database-tvs-court-primary-administrator-access-request-ol-771a.pdf,/content/drive/MyDrive/newstart_ai/data/raw/dmv/traffic-violator-course-completion-tvcc-database-tvs-court-primary-administrator-access-request-ol-771a.pdf,DMV,form
notice-of-pending-lien-sale-for-vehicle-valued-4000-or-less.pdf,/content/drive/MyDrive/newstart_ai/data/raw/dmv/notice-of-pending-lien-sale-for-vehicle-valued-4000-or-less.pdf,DMV,form
information-security-and-disclosure-statement-firm-exec-201x.pdf,/content/drive/MyDrive/newstart_ai/data/raw/dmv/information-security-and-disclosure-statement-firm-exec-201x.pdf,DMV,form
application-for-authorization-for-lien-sale-of-a-lien-sale-for-a-vehicle-valued-over-4000-reg-656.pdf,/content/drive/MyDrive/newstart_ai/data/raw/dmv/application-for-authorization-for-lien-sale-of-a-lien-sale-for-a-vehicle-valued-over-4000-reg-656.pdf,DMV,form
vessel-verification-boat-111.pdf,/content/drive/MyDrive/newstart_ai/data/raw/dmv/vessel-verification-boat-111.pdf,DMV,form
sample-license-plates-now-available-vin-2018-15.pdf,/content/drive/MyDrive/newstart_ai/data/raw/dmv/sample-license-plates-now-available-vin-2018-15.pdf,DMV,form
employer-testing-program-commercial-driving-performance-evaluation-route-and-directions-dl-814-etp.pdf,/content/drive/MyDrive/newstart_ai/data/raw/dmv/employer-testing-program-commercial-driving-performance-evaluation-route-and-directions-dl-814-etp.pdf,DMV,form
information-security-statement-inf-1128.pdf,/content/drive/MyDrive/newstart_ai/data/raw/dmv/information-security-statement-inf-1128.pdf,DMV,form
driving-school-application-for-student-license-ol-801.pdf,/content/drive/MyDrive/newstart_ai/data/raw/dmv/driving-school-application-for-student-license-ol-801.pdf,DMV,form
appointment-of-director-as-agent-for-service-of-process-adm-9050.pdf,/content/drive/MyDrive/newstart_ai/data/raw/dmv/appointment-of-director-as-agent-for-service-of-process-adm-9050.pdf,DMV,form
information-services-program-agent-authorization-inf-03.pdf,/content/drive/MyDrive/newstart_ai/data/raw/dmv/information-services-program-agent-authorization-inf-03.pdf,DMV,form
request-for-voluntary-withdrawal-motor-carrier-permit-mc-716-m.pdf,/content/drive/MyDrive/newstart_ai/data/raw/dmv/request-for-voluntary-withdrawal-motor-carrier-permit-mc-716-m.pdf,DMV,form
cdl-test-waiver-for-military-members-dl-965-pdf.pdf,/content/drive/MyDrive/newstart_ai/data/raw/dmv/cdl-test-waiver-for-military-members-dl-965-pdf.pdf,DMV,form
refresher-training-request-dl-818-etp.pdf,/content/drive/MyDrive/newstart_ai/data/raw/dmv/refresher-training-request-dl-818-etp.pdf,DMV,form
traffic-violator-school-operator-assurance-of-compliance-with-the-ada-of-1990-ol-141.pdf,/content/drive/MyDrive/newstart_ai/data/raw/dmv/traffic-violator-school-operator-assurance-of-compliance-with-the-ada-of-1990-ol-141.pdf,DMV,form
commanding-officers-certification-of-driving-experience-dl-964.pdf,/content/drive/MyDrive/newstart_ai/data/raw/dmv/commanding-officers-certification-of-driving-experience-dl-964.pdf,DMV,form
request-for-use-of-an-approved-tvs-program-ol-766.pdf,/content/drive/MyDrive/newstart_ai/data/raw/dmv/request-for-use-of-an-approved-tvs-program-ol-766.pdf,DMV,form
traffic-violator-school-tvs-owner-surety-bond-ol-704-b.pdf,/content/drive/MyDrive/newstart_ai/data/raw/dmv/traffic-violator-school-tvs-owner-surety-bond-ol-704-b.pdf,DMV,form
statement-of-consent-to-issue-an-acceptance-of-liability-for-a-student-license-dl-119.pdf,/content/drive/MyDrive/newstart_ai/data/raw/dmv/statement-of-consent-to-issue-an-acceptance-of-liability-for-a-student-license-dl-119.pdf,DMV,form
certification-of-lien-sale-for-vessel-or-vessel-with-trailer-valued-at-1500-or-less-boat-177.pdf,/content/drive/MyDrive/newstart_ai/data/raw/dmv/certification-of-lien-sale-for-vessel-or-vessel-with-trailer-valued-at-1500-or-less-boat-177.pdf,DMV,form
affidavit-for-transfer-without-probate-california-titled-vehicle-or-vessels-only-reg-5.pdf,/content/drive/MyDrive/newstart_ai/data/raw/dmv/affidavit-for-transfer-without-probate-california-titled-vehicle-or-vessels-only-reg-5.pdf,DMV,form
occupational-licensing-statement-of-facts.pdf,/content/drive/MyDrive/newstart_ai/data/raw/dmv/occupational-licensing-statement-of-facts.pdf,DMV,form
instructions-for-vehicle-verifier-ol-89.pdf,/content/drive/MyDrive/newstart_ai/data/raw/dmv/instructions-for-vehicle-verifier-ol-89.pdf,DMV,form
verification-authorization-hindi-dl-93-hi.pdf,/content/drive/MyDrive/newstart_ai/data/raw/dmv/verification-authorization-hindi-dl-93-hi.pdf,DMV,form
autonomous-vehicle-manufacturer-surety-bond-ol-317.pdf,/content/drive/MyDrive/newstart_ai/data/raw/dmv/autonomous-vehicle-manufacturer-surety-bond-ol-317.pdf,DMV,form
verification-authorization-process-japanese-dl-94-ja.pdf,/content/drive/MyDrive/newstart_ai/data/raw/dmv/verification-authorization-process-japanese-dl-94-ja.pdf,DMV,form
occupational-license-notice-of-cancellation-ol-4007.pdf,/content/drive/MyDrive/newstart_ai/data/raw/dmv/occupational-license-notice-of-cancellation-ol-4007.pdf,DMV,form
application-for-replacement-plates-stickers-documents-reg-156-sp.pdf,/content/drive/MyDrive/newstart_ai/data/raw/dmv/application-for-replacement-plates-stickers-documents-reg-156-sp.pdf,DMV,form
provider-dui-program-administrator-designee-document-dl-948.pdf,/content/drive/MyDrive/newstart_ai/data/raw/dmv/provider-dui-program-administrator-designee-document-dl-948.pdf,DMV,form
notice-of-unsatisfied-judgment-of-1000-or-less-dl-17.pdf,/content/drive/MyDrive/newstart_ai/data/raw/dmv/notice-of-unsatisfied-judgment-of-1000-or-less-dl-17.pdf,DMV,form
request-for-voluntary-termination-of-motor-carrier-permit-certificate-of-self-insurance-mc-132-m.pdf,/content/drive/MyDrive/newstart_ai/data/raw/dmv/request-for-voluntary-termination-of-motor-carrier-permit-certificate-of-self-insurance-mc-132-m.pdf,DMV,form
transmittal-form-dl-11.pdf,/content/drive/MyDrive/newstart_ai/data/raw/dmv/transmittal-form-dl-11.pdf,DMV,form
transmittal-of-registration-applications-fo-247.pdf,/content/drive/MyDrive/newstart_ai/data/raw/dmv/transmittal-of-registration-applications-fo-247.pdf,DMV,form
application-for-renewal-of-traffic-violator-school-tvs-operator-license-ol-756.pdf,/content/drive/MyDrive/newstart_ai/data/raw/dmv/application-for-renewal-of-traffic-violator-school-tvs-operator-license-ol-756.pdf,DMV,form
verification-authorization-dl-93.pdf,/content/drive/MyDrive/newstart_ai/data/raw/dmv/verification-authorization-dl-93.pdf,DMV,form
official-classroom-location-schedule-ol-854.pdf,/content/drive/MyDrive/newstart_ai/data/raw/dmv/official-classroom-location-schedule-ol-854.pdf,DMV,form
power-of-attorney-reg-260-pdf.pdf,/content/drive/MyDrive/newstart_ai/data/raw/dmv/power-of-attorney-reg-260-pdf.pdf,DMV,form
traffic-violator-course-evaluation-ol-767.pdf,/content/drive/MyDrive/newstart_ai/data/raw/dmv/traffic-violator-course-evaluation-ol-767.pdf,DMV,form
notice-to-employers-ignition-interlock-restriction-dl-923-pdf.pdf,/content/drive/MyDrive/newstart_ai/data/raw/dmv/notice-to-employers-ignition-interlock-restriction-dl-923-pdf.pdf,DMV,form
ol-4004.pdf,/content/drive/MyDrive/newstart_ai/data/raw/dmv/ol-4004.pdf,DMV,form
verification-authorization-process-hindi-dl-94-hi.pdf,/content/drive/MyDrive/newstart_ai/data/raw/dmv/verification-authorization-process-hindi-dl-94-hi.pdf,DMV,form
employer-testing-program-request-for-reactivation-employer-number-dl-817-etp.pdf,/content/drive/MyDrive/newstart_ai/data/raw/dmv/employer-testing-program-request-for-reactivation-employer-number-dl-817-etp.pdf,DMV,form
tvs-final-examination-record-for-second-attempt-ol-769.pdf,/content/drive/MyDrive/newstart_ai/data/raw/dmv/tvs-final-examination-record-for-second-attempt-ol-769.pdf,DMV,form
order-request-reduced-fee-or-no-fee-identification-card-program-dl-932.pdf,/content/drive/MyDrive/newstart_ai/data/raw/dmv/order-request-reduced-fee-or-no-fee-identification-card-program-dl-932.pdf,DMV,form
verification-authorization-japanese-dl-93-ja.pdf,/content/drive/MyDrive/newstart_ai/data/raw/dmv/verification-authorization-japanese-dl-93-ja.pdf,DMV,form
driver-education-driver-training-completion-certificate-log-dl-803.pdf,/content/drive/MyDrive/newstart_ai/data/raw/dmv/driver-education-driver-training-completion-certificate-log-dl-803.pdf,DMV,form
affidavit-of-non-use-reg-5090.pdf,/content/drive/MyDrive/newstart_ai/data/raw/dmv/affidavit-of-non-use-reg-5090.pdf,DMV,form
driving-under-the-influence-internet-program-forms-systems-dl-947.pdf,/content/drive/MyDrive/newstart_ai/data/raw/dmv/driving-under-the-influence-internet-program-forms-systems-dl-947.pdf,DMV,form
california-driver-license-renewal-by-mail-eligibility-information-dl-410-fo.pdf,/content/drive/MyDrive/newstart_ai/data/raw/dmv/california-driver-license-renewal-by-mail-eligibility-information-dl-410-fo.pdf,DMV,form
autonomous-vehicle-tester-avt-program-application-for-manufacturers-testing-permit-driverless-vehicles-ol-318.pdf,/content/drive/MyDrive/newstart_ai/data/raw/dmv/autonomous-vehicle-tester-avt-program-application-for-manufacturers-testing-permit-driverless-vehicles-ol-318.pdf,DMV,form
application-for-approval-of-mature-driver-improvement-course-ol-1002.pdf,/content/drive/MyDrive/newstart_ai/data/raw/dmv/application-for-approval-of-mature-driver-improvement-course-ol-1002.pdf,DMV,form
91495.pdf,/content/drive/MyDrive/newstart_ai/data/raw/dmv/91495.pdf,DMV,form
new-clean-air-vehicle-decal-application-form-vr-2018-27.pdf,/content/drive/MyDrive/newstart_ai/data/raw/dmv/new-clean-air-vehicle-decal-application-form-vr-2018-27.pdf,DMV,form
misuse-of-record-information-complaint-inf-1164.pdf,/content/drive/MyDrive/newstart_ai/data/raw/dmv/misuse-of-record-information-complaint-inf-1164.pdf,DMV,form
certification-of-lien-sale-reg-168-pdf.pdf,/content/drive/MyDrive/newstart_ai/data/raw/dmv/certification-of-lien-sale-reg-168-pdf.pdf,DMV,form
north-atlantic-treaty-organization-nato-status-of-forces-agreement-reg-5046.pdf,/content/drive/MyDrive/newstart_ai/data/raw/dmv/north-atlantic-treaty-organization-nato-status-of-forces-agreement-reg-5046.pdf,DMV,form
participants-certification-of-dui-program-enrollment-or-completion-dl-804.pdf,/content/drive/MyDrive/newstart_ai/data/raw/dmv/participants-certification-of-dui-program-enrollment-or-completion-dl-804.pdf,DMV,form
registration-information-request-for-lien-sale-inf-1126.pdf,/content/drive/MyDrive/newstart_ai/data/raw/dmv/registration-information-request-for-lien-sale-inf-1126.pdf,DMV,form
report-of-vision-examination-dl-62.pdf,/content/drive/MyDrive/newstart_ai/data/raw/dmv/report-of-vision-examination-dl-62.pdf,DMV,form
transit-driver-training-record-dl-260.pdf,/content/drive/MyDrive/newstart_ai/data/raw/dmv/transit-driver-training-record-dl-260.pdf,DMV,form
property-use-verification-for-registration-service-license-ol-139.pdf,/content/drive/MyDrive/newstart_ai/data/raw/dmv/property-use-verification-for-registration-service-license-ol-139.pdf,DMV,form
driving-performance-evaluation-score-sheet-dl-32.pdf,/content/drive/MyDrive/newstart_ai/data/raw/dmv/driving-performance-evaluation-score-sheet-dl-32.pdf,DMV,form
287903.pdf,/content/drive/MyDrive/newstart_ai/data/raw/dmv/287903.pdf,DMV,form
34114.pdf,/content/drive/MyDrive/newstart_ai/data/raw/dmv/34114.pdf,DMV,form
employers-report-of-medical-exam-failure-request-for-reexamination-ds-524.pdf,/content/drive/MyDrive/newstart_ai/data/raw/dmv/employers-report-of-medical-exam-failure-request-for-reexamination-ds-524.pdf,DMV,form
request-for-dui-program-forms-dl-101r.pdf,/content/drive/MyDrive/newstart_ai/data/raw/dmv/request-for-dui-program-forms-dl-101r.pdf,DMV,form
health-questionnaire-dl-546.pdf,/content/drive/MyDrive/newstart_ai/data/raw/dmv/health-questionnaire-dl-546.pdf,DMV,form
commercial-requester-account-application-inf-1106.pdf,/content/drive/MyDrive/newstart_ai/data/raw/dmv/commercial-requester-account-application-inf-1106.pdf,DMV,form
employer-testing-program-voluntary-cancellation-request-dl-520c-etp.pdf,/content/drive/MyDrive/newstart_ai/data/raw/dmv/employer-testing-program-voluntary-cancellation-request-dl-520c-etp.pdf,DMV,form
tvs-owner-application-checklist-ol-761.pdf,/content/drive/MyDrive/newstart_ai/data/raw/dmv/tvs-owner-application-checklist-ol-761.pdf,DMV,form
application-for-refund-adm-399.pdf,/content/drive/MyDrive/newstart_ai/data/raw/dmv/application-for-refund-adm-399.pdf,DMV,form
application-for-junior-permit-dl-120.pdf,/content/drive/MyDrive/newstart_ai/data/raw/dmv/application-for-junior-permit-dl-120.pdf,DMV,form
motor-carrier-permit-application-for-certificate-of-self-insurance-dmv-130-mcp.pdf,/content/drive/MyDrive/newstart_ai/data/raw/dmv/motor-carrier-permit-application-for-certificate-of-self-insurance-dmv-130-mcp.pdf,DMV,form
application-for-non-commercial-restricted-driver-license-for-financial-responsibility-actions-dl-691.pdf,/content/drive/MyDrive/newstart_ai/data/raw/dmv/application-for-non-commercial-restricted-driver-license-for-financial-responsibility-actions-dl-691.pdf,DMV,form
business-partner-automation-program-application-for-changes-reg-4026.pdf,/content/drive/MyDrive/newstart_ai/data/raw/dmv/business-partner-automation-program-application-for-changes-reg-4026.pdf,DMV,form
abandoned-vehicle-application-for-salvage-certificate-or-nonrepairable-vehicle-certificate-reg-479.pdf,/content/drive/MyDrive/newstart_ai/data/raw/dmv/abandoned-vehicle-application-for-salvage-certificate-or-nonrepairable-vehicle-certificate-reg-479.pdf,DMV,form
agreement-to-prepare-and-maintain-records-in-accordance-with-international-registration-plan-and-california-apportionment-requirements-mc-522-i.pdf,/content/drive/MyDrive/newstart_ai/data/raw/dmv/agreement-to-prepare-and-maintain-records-in-accordance-with-international-registration-plan-and-california-apportionment-requirements-mc-522-i.pdf,DMV,form
unobtainable-title-certification-for-issuance-of-salvage-certificate-reg-492.pdf,/content/drive/MyDrive/newstart_ai/data/raw/dmv/unobtainable-title-certification-for-issuance-of-salvage-certificate-reg-492.pdf,DMV,form
internal-account-and-role-request-dl-949.pdf,/content/drive/MyDrive/newstart_ai/data/raw/dmv/internal-account-and-role-request-dl-949.pdf,DMV,form
pfr-authorization-signature-form-mc-3501-p.pdf,/content/drive/MyDrive/newstart_ai/data/raw/dmv/pfr-authorization-signature-form-mc-3501-p.pdf,DMV,form
notice-of-pending-lien-sale-of-vehicle-valued-over-4000-or-from-a-self-service-storage-facility-reg-280.pdf,/content/drive/MyDrive/newstart_ai/data/raw/dmv/notice-of-pending-lien-sale-of-vehicle-valued-over-4000-or-from-a-self-service-storage-facility-reg-280.pdf,DMV,form
application-for-lien-sale-authorization-and-lienholders-certification-vessel-or-vessel-trailer-valued-over-1500.pdf,/content/drive/MyDrive/newstart_ai/data/raw/dmv/application-for-lien-sale-authorization-and-lienholders-certification-vessel-or-vessel-trailer-valued-over-1500.pdf,DMV,form
10-year-history-record-check-dl-939.pdf,/content/drive/MyDrive/newstart_ai/data/raw/dmv/10-year-history-record-check-dl-939.pdf,DMV,form
subpoena-duces-tecum-public-ds-2000-p.pdf,/content/drive/MyDrive/newstart_ai/data/raw/dmv/subpoena-duces-tecum-public-ds-2000-p.pdf,DMV,form
foreign-resident-in-transit-permit-application-reg-34-drm.pdf,/content/drive/MyDrive/newstart_ai/data/raw/dmv/foreign-resident-in-transit-permit-application-reg-34-drm.pdf,DMV,form
request-for-national-driver-register-ndr-file-check-on-current-or-prospective-employee-inf-1301a.pdf,/content/drive/MyDrive/newstart_ai/data/raw/dmv/request-for-national-driver-register-ndr-file-check-on-current-or-prospective-employee-inf-1301a.pdf,DMV,form
request-for-dismissal-of-failure-to-appear-fta-violations-dl-114.pdf,/content/drive/MyDrive/newstart_ai/data/raw/dmv/request-for-dismissal-of-failure-to-appear-fta-violations-dl-114.pdf,DMV,form
undocumented-vessel-surety-bond-reg-5058.pdf,/content/drive/MyDrive/newstart_ai/data/raw/dmv/undocumented-vessel-surety-bond-reg-5058.pdf,DMV,form
private-secondary-non-classroom-driver-education-curriculum-certification-dl-396b.pdf,/content/drive/MyDrive/newstart_ai/data/raw/dmv/private-secondary-non-classroom-driver-education-curriculum-certification-dl-396b.pdf,DMV,form
application-for-traffic-violator-school-tvs-owner-license-part-a-ol-713.pdf,/content/drive/MyDrive/newstart_ai/data/raw/dmv/application-for-traffic-violator-school-tvs-owner-license-part-a-ol-713.pdf,DMV,form
internet-security-agreement-certification-program-provider-representative-dl-946.pdf,/content/drive/MyDrive/newstart_ai/data/raw/dmv/internet-security-agreement-certification-program-provider-representative-dl-946.pdf,DMV,form
statement-of-facts-motor-carrier-fleet-name-change-reg-256m.pdf,/content/drive/MyDrive/newstart_ai/data/raw/dmv/statement-of-facts-motor-carrier-fleet-name-change-reg-256m.pdf,DMV,form
california-commercial-driver-behind-the-wheel-training-certification-dl-1236.pdf,/content/drive/MyDrive/newstart_ai/data/raw/dmv/california-commercial-driver-behind-the-wheel-training-certification-dl-1236.pdf,DMV,form
application-for-permanent-disabled-person-dp-placard-renewal-reg-195a.pdf,/content/drive/MyDrive/newstart_ai/data/raw/dmv/application-for-permanent-disabled-person-dp-placard-renewal-reg-195a.pdf,DMV,form
application-for-certification-of-ignition-interlock-device-dl-9.pdf,/content/drive/MyDrive/newstart_ai/data/raw/dmv/application-for-certification-of-ignition-interlock-device-dl-9.pdf,DMV,form
commercial-requester-account-service-provider-application-inf-1106v.pdf,/content/drive/MyDrive/newstart_ai/data/raw/dmv/commercial-requester-account-service-provider-application-inf-1106v.pdf,DMV,form
application-for-modification-to-a-traffic-violator-school-operator-and-instructor-license-ol-711-pdf.pdf,/content/drive/MyDrive/newstart_ai/data/raw/dmv/application-for-modification-to-a-traffic-violator-school-operator-and-instructor-license-ol-711-pdf.pdf,DMV,form
motor-carrier-permit-notice-of-change-mc-152-m.pdf,/content/drive/MyDrive/newstart_ai/data/raw/dmv/motor-carrier-permit-notice-of-change-mc-152-m.pdf,DMV,form
lien-satisfied-title-holder-release-reg-166.pdf,/content/drive/MyDrive/newstart_ai/data/raw/dmv/lien-satisfied-title-holder-release-reg-166.pdf,DMV,form
commercial-or-government-employer-pull-notice-enrollment-of-out-of-state-licensed-drivers-form-and-instructions-inf-1102.pdf,/content/drive/MyDrive/newstart_ai/data/raw/dmv/commercial-or-government-employer-pull-notice-enrollment-of-out-of-state-licensed-drivers-form-and-instructions-inf-1102.pdf,DMV,form
verification-authorization-khmer-dl-93-km.pdf,/content/drive/MyDrive/newstart_ai/data/raw/dmv/verification-authorization-khmer-dl-93-km.pdf,DMV,form
vehicle-emission-system-statement-smog-reg-139.pdf,/content/drive/MyDrive/newstart_ai/data/raw/dmv/vehicle-emission-system-statement-smog-reg-139.pdf,DMV,form
continuing-education-exemption-application-ol-257.pdf,/content/drive/MyDrive/newstart_ai/data/raw/dmv/continuing-education-exemption-application-ol-257.pdf,DMV,form
classroom-branch-renewal-application-ol-737.pdf,/content/drive/MyDrive/newstart_ai/data/raw/dmv/classroom-branch-renewal-application-ol-737.pdf,DMV,form
notificacion-de-cambio-certificado-de-transportista-privado-de-pasajeros-reg-1301-sp.pdf,/content/drive/MyDrive/newstart_ai/data/raw/dmv/notificacion-de-cambio-certificado-de-transportista-privado-de-pasajeros-reg-1301-sp.pdf,DMV,form
statement-of-personal-history-pre-implementation-screening-process-reg-4019.pdf,/content/drive/MyDrive/newstart_ai/data/raw/dmv/statement-of-personal-history-pre-implementation-screening-process-reg-4019.pdf,DMV,form
application-for-temporary-smog-exemption-for-a-vehicle-located-out-of-state-reg-5103.pdf,/content/drive/MyDrive/newstart_ai/data/raw/dmv/application-for-temporary-smog-exemption-for-a-vehicle-located-out-of-state-reg-5103.pdf,DMV,form
motor-carrier-fleet-name-change-mc-256m-i.pdf,/content/drive/MyDrive/newstart_ai/data/raw/dmv/motor-carrier-fleet-name-change-mc-256m-i.pdf,DMV,form
request-for-driver-license-identification-card-status-and-record-information-inf-1119.pdf,/content/drive/MyDrive/newstart_ai/data/raw/dmv/request-for-driver-license-identification-card-status-and-record-information-inf-1119.pdf,DMV,form
property-use-verification-for-a-driving-school-or-traffic-violator-school-license-ol-140.pdf,/content/drive/MyDrive/newstart_ai/data/raw/dmv/property-use-verification-for-a-driving-school-or-traffic-violator-school-license-ol-140.pdf,DMV,form
request-for-record-information-web-only-inf-70.pdf,/content/drive/MyDrive/newstart_ai/data/raw/dmv/request-for-record-information-web-only-inf-70.pdf,DMV,form
laboratory-report-dl-28.pdf,/content/drive/MyDrive/newstart_ai/data/raw/dmv/laboratory-report-dl-28.pdf,DMV,form
business-partner-automation-application-first-line-service-provider-reg-4024.pdf,/content/drive/MyDrive/newstart_ai/data/raw/dmv/business-partner-automation-application-first-line-service-provider-reg-4024.pdf,DMV,form
employer-testing-program-application-for-employer-number-dl-520-etp.pdf,/content/drive/MyDrive/newstart_ai/data/raw/dmv/employer-testing-program-application-for-employer-number-dl-520-etp.pdf,DMV,form
employer-testing-program-surety-bond-dl-524-etp.pdf,/content/drive/MyDrive/newstart_ai/data/raw/dmv/employer-testing-program-surety-bond-dl-524-etp.pdf,DMV,form
statement-to-record-ownership-reg-101-sp.pdf,/content/drive/MyDrive/newstart_ai/data/raw/dmv/statement-to-record-ownership-reg-101-sp.pdf,DMV,form
report-of-traffic-collision-involving-an-autonomous-vehicle-ol-316.pdf,/content/drive/MyDrive/newstart_ai/data/raw/dmv/report-of-traffic-collision-involving-an-autonomous-vehicle-ol-316.pdf,DMV,form
courtesy-stop-request-reg-500.pdf,/content/drive/MyDrive/newstart_ai/data/raw/dmv/courtesy-stop-request-reg-500.pdf,DMV,form
autonomous-vehicle-deployment-permit-application-for-certificate-of-self-insurance.pdf,/content/drive/MyDrive/newstart_ai/data/raw/dmv/autonomous-vehicle-deployment-permit-application-for-certificate-of-self-insurance.pdf,DMV,form
verification-authorization-process-thai-dl-94-th.pdf,/content/drive/MyDrive/newstart_ai/data/raw/dmv/verification-authorization-process-thai-dl-94-th.pdf,DMV,form
dmv-pre-employment-behavior-standards-questionnaire.pdf,/content/drive/MyDrive/newstart_ai/data/raw/dmv/dmv-pre-employment-behavior-standards-questionnaire.pdf,DMV,form
outline-of-required-topics-and-standards-for-ca-dmv-approved-traffic-violator-school-course-ol-613.pdf,/content/drive/MyDrive/newstart_ai/data/raw/dmv/outline-of-required-topics-and-standards-for-ca-dmv-approved-traffic-violator-school-course-ol-613.pdf,DMV,form
ignition-interlock-device-iid-installation-and-removal-request-dl-925.pdf,/content/drive/MyDrive/newstart_ai/data/raw/dmv/ignition-interlock-device-iid-installation-and-removal-request-dl-925.pdf,DMV,form
external-account-and-role-request-dl-950.pdf,/content/drive/MyDrive/newstart_ai/data/raw/dmv/external-account-and-role-request-dl-950.pdf,DMV,form
application-for-special-motorcycle-transportation-permit-reg-712.pdf,/content/drive/MyDrive/newstart_ai/data/raw/dmv/application-for-special-motorcycle-transportation-permit-reg-712.pdf,DMV,form
31099.pdf,/content/drive/MyDrive/newstart_ai/data/raw/dmv/31099.pdf,DMV,form
application-for-clean-air-vehicle-decals-reg-1000.pdf,/content/drive/MyDrive/newstart_ai/data/raw/dmv/application-for-clean-air-vehicle-decals-reg-1000.pdf,DMV,form
business-partner-automation-program-service-provider-change-reg-4022.pdf,/content/drive/MyDrive/newstart_ai/data/raw/dmv/business-partner-automation-program-service-provider-change-reg-4022.pdf,DMV,form
special-recognition-license-plate-application-reg-17a.pdf,/content/drive/MyDrive/newstart_ai/data/raw/dmv/special-recognition-license-plate-application-reg-17a.pdf,DMV,form
arizona-reduced-fee-certification-mc-2132-i.pdf,/content/drive/MyDrive/newstart_ai/data/raw/dmv/arizona-reduced-fee-certification-mc-2132-i.pdf,DMV,form
motor-vehicle-ownership-surety-bond-reg-5057.pdf,/content/drive/MyDrive/newstart_ai/data/raw/dmv/motor-vehicle-ownership-surety-bond-reg-5057.pdf,DMV,form
industry-customer-employee-listing-fo-607a.pdf,/content/drive/MyDrive/newstart_ai/data/raw/dmv/industry-customer-employee-listing-fo-607a.pdf,DMV,form
statement-of-facts-for-vehicles-valuated-at-500-or-less-removed-by-a-public-agency-for-reasons-other-than-abandonment-reg-686.pdf,/content/drive/MyDrive/newstart_ai/data/raw/dmv/statement-of-facts-for-vehicles-valuated-at-500-or-less-removed-by-a-public-agency-for-reasons-other-than-abandonment-reg-686.pdf,DMV,form
employer-pull-notice-agent-authorization-form-inf-2110.pdf,/content/drive/MyDrive/newstart_ai/data/raw/dmv/employer-pull-notice-agent-authorization-form-inf-2110.pdf,DMV,form
internet-security-agreement-certification-dadp-representative-dl-951.pdf,/content/drive/MyDrive/newstart_ai/data/raw/dmv/internet-security-agreement-certification-dadp-representative-dl-951.pdf,DMV,form
traffic-violator-school-tvs-course-completion-database-access-log-ol-770.pdf,/content/drive/MyDrive/newstart_ai/data/raw/dmv/traffic-violator-school-tvs-course-completion-database-access-log-ol-770.pdf,DMV,form
statement-of-facts-california-non-certified-vehicle-reg-256f.pdf,/content/drive/MyDrive/newstart_ai/data/raw/dmv/statement-of-facts-california-non-certified-vehicle-reg-256f.pdf,DMV,form
information-security-and-disclosure-statement-public-private-partnerships-employee-exec-200x.pdf,/content/drive/MyDrive/newstart_ai/data/raw/dmv/information-security-and-disclosure-statement-public-private-partnerships-employee-exec-200x.pdf,DMV,form
application-for-temporary-registration-nonresident-commercial-vehicle-reg-471.pdf,/content/drive/MyDrive/newstart_ai/data/raw/dmv/application-for-temporary-registration-nonresident-commercial-vehicle-reg-471.pdf,DMV,form
traffic-violator-school-instructor-written-test-order-form-ol-856.pdf,/content/drive/MyDrive/newstart_ai/data/raw/dmv/traffic-violator-school-instructor-written-test-order-form-ol-856.pdf,DMV,form
commercial-requester-account-instructions-application-inf-1133.pdf,/content/drive/MyDrive/newstart_ai/data/raw/dmv/commercial-requester-account-instructions-application-inf-1133.pdf,DMV,form
