filename,agency,form_number,document_type,url
f1040x.pdf,IRS,1040X,form,https://www.irs.gov/pub/irs-pdf/f1040x.pdf
fw7.pdf,IRS,W-7,form,https://www.irs.gov/pub/irs-pdf/fw7.pdf
i1040x.pdf,IRS,1040X,instructions,https://www.irs.gov/pub/irs-pdf/i1040x.pdf
f4506t.pdf,IRS,4506T,form,https://www.irs.gov/pub/irs-pdf/f4506t.pdf
i941.pdf,IRS,941,instructions,https://www.irs.gov/pub/irs-pdf/i941.pdf
iw2w3.pdf,IRS,W-2W-3,instructions,https://www.irs.gov/pub/irs-pdf/iw2w3.pdf
fw4.pdf,IRS,W-4,form,https://www.irs.gov/pub/irs-pdf/fw4.pdf
i1040gi.pdf,IRS,1040GI,instructions,https://www.irs.gov/pub/irs-pdf/i1040gi.pdf
f4547.pdf,IRS,4547,form,https://www.irs.gov/pub/irs-pdf/f4547.pdf
i4547.pdf,IRS,4547,instructions,https://www.irs.gov/pub/irs-pdf/i4547.pdf
f2159.pdf,IRS,2159,form,https://www.irs.gov/pub/irs-pdf/f2159.pdf
iw7.pdf,IRS,W-7,instructions,https://www.irs.gov/pub/irs-pdf/iw7.pdf
f1040.pdf,IRS,1040,form,https://www.irs.gov/pub/irs-pdf/f1040.pdf
fw2.pdf,IRS,W-2,form,https://www.irs.gov/pub/irs-pdf/fw2.pdf
f8508.pdf,IRS,8508,form,https://www.irs.gov/pub/irs-pdf/f8508.pdf
f941.pdf,IRS,941,form,https://www.irs.gov/pub/irs-pdf/f941.pdf
fw9.pdf,IRS,W-9,form,https://www.irs.gov/pub/irs-pdf/fw9.pdf
i2848.pdf,IRS,2848,instructions,https://www.irs.gov/pub/irs-pdf/i2848.pdf
f13844.pdf,IRS,13844,form,https://www.irs.gov/pub/irs-pdf/f13844.pdf
i9465.pdf,IRS,9465,instructions,https://www.irs.gov/pub/irs-pdf/i9465.pdf
f2848.pdf,IRS,2848,form,https://www.irs.gov/pub/irs-pdf/f2848.pdf
iw9.pdf,IRS,W-9,instructions,https://www.irs.gov/pub/irs-pdf/iw9.pdf
f9465.pdf,IRS,9465,form,https://www.irs.gov/pub/irs-pdf/f9465.pdf
