filename,filepath,agency,form_number,document_type
CMS-1763-508C.pdf,/content/drive/MyDrive/newstart_ai/data/raw/ssa/CMS-1763-508C.pdf,SSA,,form
CMS-L564_SP508.pdf,/content/drive/MyDrive/newstart_ai/data/raw/ssa/CMS-L564_SP508.pdf,SSA,,form
SSA-8-SP.pdf,/content/drive/MyDrive/newstart_ai/data/raw/ssa/SSA-8-SP.pdf,SSA,SSA-8-SP,form
cms-40b-508c-2025-rev-38.pdf,/content/drive/MyDrive/newstart_ai/data/raw/ssa/cms-40b-508c-2025-rev-38.pdf,SSA,,form
cms-40b-s-508c.pdf,/content/drive/MyDrive/newstart_ai/data/raw/ssa/cms-40b-s-508c.pdf,SSA,,form
cms-l564-508c.pdf,/content/drive/MyDrive/newstart_ai/data/raw/ssa/cms-l564-508c.pdf,SSA,,form
fss4.pdf,/content/drive/MyDrive/newstart_ai/data/raw/ssa/fss4.pdf,SSA,,form
fss4sp.pdf,/content/drive/MyDrive/newstart_ai/data/raw/ssa/fss4sp.pdf,SSA,,form
fw4v.pdf,/content/drive/MyDrive/newstart_ai/data/raw/ssa/fw4v.pdf,SSA,,form
ha-4608.pdf,/content/drive/MyDrive/newstart_ai/data/raw/ssa/ha-4608.pdf,SSA,,form
ha-4631.pdf,/content/drive/MyDrive/newstart_ai/data/raw/ssa/ha-4631.pdf,SSA,,form
ha-4632.pdf,/content/drive/MyDrive/newstart_ai/data/raw/ssa/ha-4632.pdf,SSA,,form
ha-4633.pdf,/content/drive/MyDrive/newstart_ai/data/raw/ssa/ha-4633.pdf,SSA,,form
ha-501.pdf,/content/drive/MyDrive/newstart_ai/data/raw/ssa/ha-501.pdf,SSA,,form
ha-510.pdf,/content/drive/MyDrive/newstart_ai/data/raw/ssa/ha-510.pdf,SSA,,form
ha-510sp.pdf,/content/drive/MyDrive/newstart_ai/data/raw/ssa/ha-510sp.pdf,SSA,,form
ha-520.pdf,/content/drive/MyDrive/newstart_ai/data/raw/ssa/ha-520.pdf,SSA,,form
ha-520sp.pdf,/content/drive/MyDrive/newstart_ai/data/raw/ssa/ha-520sp.pdf,SSA,,form
ha-539-sp.pdf,/content/drive/MyDrive/newstart_ai/data/raw/ssa/ha-539-sp.pdf,SSA,,form
ha-539.pdf,/content/drive/MyDrive/newstart_ai/data/raw/ssa/ha-539.pdf,SSA,,form
ha-85.pdf,/content/drive/MyDrive/newstart_ai/data/raw/ssa/ha-85.pdf,SSA,,form
ha-86-sp.pdf,/content/drive/MyDrive/newstart_ai/data/raw/ssa/ha-86-sp.pdf,SSA,,form
ha-86.pdf,/content/drive/MyDrive/newstart_ai/data/raw/ssa/ha-86.pdf,SSA,,form
ha-l90.pdf,/content/drive/MyDrive/newstart_ai/data/raw/ssa/ha-l90.pdf,SSA,,form
ss-5-am-inst.pdf,/content/drive/MyDrive/newstart_ai/data/raw/ssa/ss-5-am-inst.pdf,SSA,SS-5-AM-INST,instructions
ss-5-ar-inst.pdf,/content/drive/MyDrive/newstart_ai/data/raw/ssa/ss-5-ar-inst.pdf,SSA,SS-5-AR-INST,instructions
ss-5-ch-inst.pdf,/content/drive/MyDrive/newstart_ai/data/raw/ssa/ss-5-ch-inst.pdf,SSA,SS-5-CH-INST,instructions
ss-5-chs-inst.pdf,/content/drive/MyDrive/newstart_ai/data/raw/ssa/ss-5-chs-inst.pdf,SSA,SS-5-CHS-INST,instructions
ss-5-fa-inst.pdf,/content/drive/MyDrive/newstart_ai/data/raw/ssa/ss-5-fa-inst.pdf,SSA,SS-5-FA-INST,instructions
ss-5-fr-inst.pdf,/content/drive/MyDrive/newstart_ai/data/raw/ssa/ss-5-fr-inst.pdf,SSA,SS-5-FR-INST,instructions
ss-5-gr-inst.pdf,/content/drive/MyDrive/newstart_ai/data/raw/ssa/ss-5-gr-inst.pdf,SSA,SS-5-GR-INST,instructions
ss-5-hc-inst.pdf,/content/drive/MyDrive/newstart_ai/data/raw/ssa/ss-5-hc-inst.pdf,SSA,SS-5-HC-INST,instructions
ss-5-it-inst.pdf,/content/drive/MyDrive/newstart_ai/data/raw/ssa/ss-5-it-inst.pdf,SSA,SS-5-IT-INST,instructions
ss-5-kor-inst.pdf,/content/drive/MyDrive/newstart_ai/data/raw/ssa/ss-5-kor-inst.pdf,SSA,SS-5-KOR-INST,instructions
ss-5-pe-inst.pdf,/content/drive/MyDrive/newstart_ai/data/raw/ssa/ss-5-pe-inst.pdf,SSA,SS-5-PE-INST,instructions
ss-5-po-inst.pdf,/content/drive/MyDrive/newstart_ai/data/raw/ssa/ss-5-po-inst.pdf,SSA,SS-5-PO-INST,instructions
ss-5-ru-inst.pdf,/content/drive/MyDrive/newstart_ai/data/raw/ssa/ss-5-ru-inst.pdf,SSA,SS-5-RU-INST,instructions
ss-5-so-inst.pdf,/content/drive/MyDrive/newstart_ai/data/raw/ssa/ss-5-so-inst.pdf,SSA,SS-5-SO-INST,instructions
ss-5-tl-inst.pdf,/content/drive/MyDrive/newstart_ai/data/raw/ssa/ss-5-tl-inst.pdf,SSA,SS-5-TL-INST,instructions
ss-5-ua-inst.pdf,/content/drive/MyDrive/newstart_ai/data/raw/ssa/ss-5-ua-inst.pdf,SSA,SS-5-UA-INST,instructions
ss-5-vi-inst.pdf,/content/drive/MyDrive/newstart_ai/data/raw/ssa/ss-5-vi-inst.pdf,SSA,SS-5-VI-INST,instructions
ss-5.pdf,/content/drive/MyDrive/newstart_ai/data/raw/ssa/ss-5.pdf,SSA,SS-5,form
ss-5fs.pdf,/content/drive/MyDrive/newstart_ai/data/raw/ssa/ss-5fs.pdf,SSA,SS-5FS,form
ss-5sp.pdf,/content/drive/MyDrive/newstart_ai/data/raw/ssa/ss-5sp.pdf,SSA,SS-5SP,form
ssa-1-bk-sp.pdf,/content/drive/MyDrive/newstart_ai/data/raw/ssa/ssa-1-bk-sp.pdf,SSA,SSA-1-BK-SP,form
ssa-1-bk.pdf,/content/drive/MyDrive/newstart_ai/data/raw/ssa/ssa-1-bk.pdf,SSA,SSA-1-BK,form
ssa-10-bk-sp.pdf,/content/drive/MyDrive/newstart_ai/data/raw/ssa/ssa-10-bk-sp.pdf,SSA,SSA-10-BK-SP,form
ssa-10-inst.pdf,/content/drive/MyDrive/newstart_ai/data/raw/ssa/ssa-10-inst.pdf,SSA,SSA-10-INST,instructions
ssa-10.pdf,/content/drive/MyDrive/newstart_ai/data/raw/ssa/ssa-10.pdf,SSA,SSA-10,form
ssa-1021-inst-sp.pdf,/content/drive/MyDrive/newstart_ai/data/raw/ssa/ssa-1021-inst-sp.pdf,SSA,SSA-1021-INST-SP,instructions
ssa-1021-inst.pdf,/content/drive/MyDrive/newstart_ai/data/raw/ssa/ssa-1021-inst.pdf,SSA,SSA-1021-INST,instructions
ssa-1021-sp.pdf,/content/drive/MyDrive/newstart_ai/data/raw/ssa/ssa-1021-sp.pdf,SSA,SSA-1021-SP,form
ssa-1021.pdf,/content/drive/MyDrive/newstart_ai/data/raw/ssa/ssa-1021.pdf,SSA,SSA-1021,form
ssa-131.pdf,/content/drive/MyDrive/newstart_ai/data/raw/ssa/ssa-131.pdf,SSA,SSA-131,form
ssa-1372-bk-fc-sp.pdf,/content/drive/MyDrive/newstart_ai/data/raw/ssa/ssa-1372-bk-fc-sp.pdf,SSA,SSA-1372-BK-FC-SP,form
ssa-1372.pdf,/content/drive/MyDrive/newstart_ai/data/raw/ssa/ssa-1372.pdf,SSA,SSA-1372,form
ssa-1372bkfc.pdf,/content/drive/MyDrive/newstart_ai/data/raw/ssa/ssa-1372bkfc.pdf,SSA,SSA-1372BKFC,form
ssa-1383-fc.pdf,/content/drive/MyDrive/newstart_ai/data/raw/ssa/ssa-1383-fc.pdf,SSA,SSA-1383-FC,form
ssa-1383.pdf,/content/drive/MyDrive/newstart_ai/data/raw/ssa/ssa-1383.pdf,SSA,SSA-1383,form
ssa-1391.pdf,/content/drive/MyDrive/newstart_ai/data/raw/ssa/ssa-1391.pdf,SSA,SSA-1391,form
ssa-1458.pdf,/content/drive/MyDrive/newstart_ai/data/raw/ssa/ssa-1458.pdf,SSA,SSA-1458,form
ssa-150.pdf,/content/drive/MyDrive/newstart_ai/data/raw/ssa/ssa-150.pdf,SSA,SSA-150,form
ssa-1560.pdf,/content/drive/MyDrive/newstart_ai/data/raw/ssa/ssa-1560.pdf,SSA,SSA-1560,form
ssa-16-bk-sp.pdf,/content/drive/MyDrive/newstart_ai/data/raw/ssa/ssa-16-bk-sp.pdf,SSA,SSA-16-BK-SP,form
ssa-16-bk.pdf,/content/drive/MyDrive/newstart_ai/data/raw/ssa/ssa-16-bk.pdf,SSA,SSA-16-BK,form
ssa-1691.pdf,/content/drive/MyDrive/newstart_ai/data/raw/ssa/ssa-1691.pdf,SSA,SSA-1691,form
ssa-1693.pdf,/content/drive/MyDrive/newstart_ai/data/raw/ssa/ssa-1693.pdf,SSA,SSA-1693,form
ssa-1694.pdf,/content/drive/MyDrive/newstart_ai/data/raw/ssa/ssa-1694.pdf,SSA,SSA-1694,form
ssa-1696-sup1.pdf,/content/drive/MyDrive/newstart_ai/data/raw/ssa/ssa-1696-sup1.pdf,SSA,SSA-1696-SUP,form
ssa-1696-sup2.pdf,/content/drive/MyDrive/newstart_ai/data/raw/ssa/ssa-1696-sup2.pdf,SSA,SSA-1696-SUP,form
ssa-1696.pdf,/content/drive/MyDrive/newstart_ai/data/raw/ssa/ssa-1696.pdf,SSA,SSA-1696,form
ssa-1699.pdf,/content/drive/MyDrive/newstart_ai/data/raw/ssa/ssa-1699.pdf,SSA,SSA-1699,form
ssa-1724.pdf,/content/drive/MyDrive/newstart_ai/data/raw/ssa/ssa-1724.pdf,SSA,SSA-1724,form
ssa-186.pdf,/content/drive/MyDrive/newstart_ai/data/raw/ssa/ssa-186.pdf,SSA,SSA-186,form
ssa-1945-sp.pdf,/content/drive/MyDrive/newstart_ai/data/raw/ssa/ssa-1945-sp.pdf,SSA,SSA-1945-SP,form
ssa-1945.pdf,/content/drive/MyDrive/newstart_ai/data/raw/ssa/ssa-1945.pdf,SSA,SSA-1945,form
ssa-199.pdf,/content/drive/MyDrive/newstart_ai/data/raw/ssa/ssa-199.pdf,SSA,SSA-199,form
ssa-2-bk-sp.pdf,/content/drive/MyDrive/newstart_ai/data/raw/ssa/ssa-2-bk-sp.pdf,SSA,SSA-2-BK-SP,form
ssa-2-bk.pdf,/content/drive/MyDrive/newstart_ai/data/raw/ssa/ssa-2-bk.pdf,SSA,SSA-2-BK,form
ssa-2010-f6.pdf,/content/drive/MyDrive/newstart_ai/data/raw/ssa/ssa-2010-f6.pdf,SSA,SSA-2010-F,form
ssa-2032bk.pdf,/content/drive/MyDrive/newstart_ai/data/raw/ssa/ssa-2032bk.pdf,SSA,SSA-2032BK,form
ssa-21.pdf,/content/drive/MyDrive/newstart_ai/data/raw/ssa/ssa-21.pdf,SSA,SSA-21,form
ssa-24.pdf,/content/drive/MyDrive/newstart_ai/data/raw/ssa/ssa-24.pdf,SSA,SSA-24,form
ssa-2490-bk.pdf,/content/drive/MyDrive/newstart_ai/data/raw/ssa/ssa-2490-bk.pdf,SSA,SSA-2490-BK,form
ssa-25.pdf,/content/drive/MyDrive/newstart_ai/data/raw/ssa/ssa-25.pdf,SSA,SSA-25,form
ssa-2512.pdf,/content/drive/MyDrive/newstart_ai/data/raw/ssa/ssa-2512.pdf,SSA,SSA-2512,form
ssa-2519.pdf,/content/drive/MyDrive/newstart_ai/data/raw/ssa/ssa-2519.pdf,SSA,SSA-2519,form
ssa-2574.pdf,/content/drive/MyDrive/newstart_ai/data/raw/ssa/ssa-2574.pdf,SSA,SSA-2574,form
ssa-263.pdf,/content/drive/MyDrive/newstart_ai/data/raw/ssa/ssa-263.pdf,SSA,SSA-263,form
ssa-268.pdf,/content/drive/MyDrive/newstart_ai/data/raw/ssa/ssa-268.pdf,SSA,SSA-268,form
ssa-2855.pdf,/content/drive/MyDrive/newstart_ai/data/raw/ssa/ssa-2855.pdf,SSA,SSA-2855,form
ssa-2935.pdf,/content/drive/MyDrive/newstart_ai/data/raw/ssa/ssa-2935.pdf,SSA,SSA-2935,form
ssa-3.pdf,/content/drive/MyDrive/newstart_ai/data/raw/ssa/ssa-3.pdf,SSA,SSA-3,form
ssa-3033.pdf,/content/drive/MyDrive/newstart_ai/data/raw/ssa/ssa-3033.pdf,SSA,SSA-3033,form
ssa-308.pdf,/content/drive/MyDrive/newstart_ai/data/raw/ssa/ssa-308.pdf,SSA,SSA-308,form
ssa-3105.pdf,/content/drive/MyDrive/newstart_ai/data/raw/ssa/ssa-3105.pdf,SSA,SSA-3105,form
ssa-3288-sp.pdf,/content/drive/MyDrive/newstart_ai/data/raw/ssa/ssa-3288-sp.pdf,SSA,SSA-3288-SP,form
ssa-3288.pdf,/content/drive/MyDrive/newstart_ai/data/raw/ssa/ssa-3288.pdf,SSA,SSA-3288,form
ssa-3368-bk.pdf,/content/drive/MyDrive/newstart_ai/data/raw/ssa/ssa-3368-bk.pdf,SSA,SSA-3368-BK,form
ssa-3369.pdf,/content/drive/MyDrive/newstart_ai/data/raw/ssa/ssa-3369.pdf,SSA,SSA-3369,form
ssa-3373-bk.pdf,/content/drive/MyDrive/newstart_ai/data/raw/ssa/ssa-3373-bk.pdf,SSA,SSA-3373-BK,form
ssa-3375-bk.pdf,/content/drive/MyDrive/newstart_ai/data/raw/ssa/ssa-3375-bk.pdf,SSA,SSA-3375-BK,form
ssa-3376-bk.pdf,/content/drive/MyDrive/newstart_ai/data/raw/ssa/ssa-3376-bk.pdf,SSA,SSA-3376-BK,form
ssa-3377-bk.pdf,/content/drive/MyDrive/newstart_ai/data/raw/ssa/ssa-3377-bk.pdf,SSA,SSA-3377-BK,form
ssa-3378-bk.pdf,/content/drive/MyDrive/newstart_ai/data/raw/ssa/ssa-3378-bk.pdf,SSA,SSA-3378-BK,form
ssa-3379-bk.pdf,/content/drive/MyDrive/newstart_ai/data/raw/ssa/ssa-3379-bk.pdf,SSA,SSA-3379-BK,form
ssa-3380.pdf,/content/drive/MyDrive/newstart_ai/data/raw/ssa/ssa-3380.pdf,SSA,SSA-3380,form
ssa-3441.pdf,/content/drive/MyDrive/newstart_ai/data/raw/ssa/ssa-3441.pdf,SSA,SSA-3441,form
ssa-371.pdf,/content/drive/MyDrive/newstart_ai/data/raw/ssa/ssa-371.pdf,SSA,SSA-371,form
ssa-372.pdf,/content/drive/MyDrive/newstart_ai/data/raw/ssa/ssa-372.pdf,SSA,SSA-372,form
ssa-3820.pdf,/content/drive/MyDrive/newstart_ai/data/raw/ssa/ssa-3820.pdf,SSA,SSA-3820,form
ssa-3830.pdf,/content/drive/MyDrive/newstart_ai/data/raw/ssa/ssa-3830.pdf,SSA,SSA-3830,form
ssa-3881.pdf,/content/drive/MyDrive/newstart_ai/data/raw/ssa/ssa-3881.pdf,SSA,SSA-3881,form
ssa-3885.pdf,/content/drive/MyDrive/newstart_ai/data/raw/ssa/ssa-3885.pdf,SSA,SSA-3885,form
ssa-3sp.pdf,/content/drive/MyDrive/newstart_ai/data/raw/ssa/ssa-3sp.pdf,SSA,SSA-3SP,form
ssa-4-bk-sp.pdf,/content/drive/MyDrive/newstart_ai/data/raw/ssa/ssa-4-bk-sp.pdf,SSA,SSA-4-BK-SP,form
ssa-4-bk.pdf,/content/drive/MyDrive/newstart_ai/data/raw/ssa/ssa-4-bk.pdf,SSA,SSA-4-BK,form
ssa-4-inst.pdf,/content/drive/MyDrive/newstart_ai/data/raw/ssa/ssa-4-inst.pdf,SSA,SSA-4-INST,instructions
ssa-4111.pdf,/content/drive/MyDrive/newstart_ai/data/raw/ssa/ssa-4111.pdf,SSA,SSA-4111,form
ssa-4162.pdf,/content/drive/MyDrive/newstart_ai/data/raw/ssa/ssa-4162.pdf,SSA,SSA-4162,form
ssa-4178.pdf,/content/drive/MyDrive/newstart_ai/data/raw/ssa/ssa-4178.pdf,SSA,SSA-4178,form
ssa-4290-f5.pdf,/content/drive/MyDrive/newstart_ai/data/raw/ssa/ssa-4290-f5.pdf,SSA,SSA-4290-F,form
ssa-437-bk-sp.pdf,/content/drive/MyDrive/newstart_ai/data/raw/ssa/ssa-437-bk-sp.pdf,SSA,SSA-437-BK-SP,form
ssa-437.pdf,/content/drive/MyDrive/newstart_ai/data/raw/ssa/ssa-437.pdf,SSA,SSA-437,form
ssa-44.pdf,/content/drive/MyDrive/newstart_ai/data/raw/ssa/ssa-44.pdf,SSA,SSA-44,form
ssa-454-bk.pdf,/content/drive/MyDrive/newstart_ai/data/raw/ssa/ssa-454-bk.pdf,SSA,SSA-454-BK,form
ssa-455.pdf,/content/drive/MyDrive/newstart_ai/data/raw/ssa/ssa-455.pdf,SSA,SSA-455,form
ssa-4814.pdf,/content/drive/MyDrive/newstart_ai/data/raw/ssa/ssa-4814.pdf,SSA,SSA-4814,form
ssa-4815.pdf,/content/drive/MyDrive/newstart_ai/data/raw/ssa/ssa-4815.pdf,SSA,SSA-4815,form
ssa-5-bk-sp.pdf,/content/drive/MyDrive/newstart_ai/data/raw/ssa/ssa-5-bk-sp.pdf,SSA,SSA-5-BK-SP,form
ssa-5-bk.pdf,/content/drive/MyDrive/newstart_ai/data/raw/ssa/ssa-5-bk.pdf,SSA,SSA-5-BK,form
ssa-5-inst.pdf,/content/drive/MyDrive/newstart_ai/data/raw/ssa/ssa-5-inst.pdf,SSA,SSA-5-INST,instructions
ssa-5062.pdf,/content/drive/MyDrive/newstart_ai/data/raw/ssa/ssa-5062.pdf,SSA,SSA-5062,form
ssa-5064.pdf,/content/drive/MyDrive/newstart_ai/data/raw/ssa/ssa-5064.pdf,SSA,SSA-5064,form
ssa-521-sp.pdf,/content/drive/MyDrive/newstart_ai/data/raw/ssa/ssa-521-sp.pdf,SSA,SSA-521-SP,form
ssa-521.pdf,/content/drive/MyDrive/newstart_ai/data/raw/ssa/ssa-521.pdf,SSA,SSA-521,form
ssa-545.pdf,/content/drive/MyDrive/newstart_ai/data/raw/ssa/ssa-545.pdf,SSA,SSA-545,form
ssa-546.pdf,/content/drive/MyDrive/newstart_ai/data/raw/ssa/ssa-546.pdf,SSA,SSA-546,form
ssa-552.pdf,/content/drive/MyDrive/newstart_ai/data/raw/ssa/ssa-552.pdf,SSA,SSA-552,form
ssa-561-u2.pdf,/content/drive/MyDrive/newstart_ai/data/raw/ssa/ssa-561-u2.pdf,SSA,SSA-561-U,form
ssa-5665-bk-sp.pdf,/content/drive/MyDrive/newstart_ai/data/raw/ssa/ssa-5665-bk-sp.pdf,SSA,SSA-5665-BK-SP,form
ssa-5665-bk.pdf,/content/drive/MyDrive/newstart_ai/data/raw/ssa/ssa-5665-bk.pdf,SSA,SSA-5665-BK,form
ssa-5666.pdf,/content/drive/MyDrive/newstart_ai/data/raw/ssa/ssa-5666.pdf,SSA,SSA-5666,form
ssa-632-bk-sp.pdf,/content/drive/MyDrive/newstart_ai/data/raw/ssa/ssa-632-bk-sp.pdf,SSA,SSA-632-BK-SP,form
ssa-632-bk.pdf,/content/drive/MyDrive/newstart_ai/data/raw/ssa/ssa-632-bk.pdf,SSA,SSA-632-BK,form
ssa-634-sp.pdf,/content/drive/MyDrive/newstart_ai/data/raw/ssa/ssa-634-sp.pdf,SSA,SSA-634-SP,form
ssa-634.pdf,/content/drive/MyDrive/newstart_ai/data/raw/ssa/ssa-634.pdf,SSA,SSA-634,form
ssa-640.pdf,/content/drive/MyDrive/newstart_ai/data/raw/ssa/ssa-640.pdf,SSA,SSA-640,form
ssa-671.pdf,/content/drive/MyDrive/newstart_ai/data/raw/ssa/ssa-671.pdf,SSA,SSA-671,form
ssa-7-f6-sp.pdf,/content/drive/MyDrive/newstart_ai/data/raw/ssa/ssa-7-f6-sp.pdf,SSA,SSA-7-F,form
ssa-7.pdf,/content/drive/MyDrive/newstart_ai/data/raw/ssa/ssa-7.pdf,SSA,SSA-7,form
ssa-7004-sp.pdf,/content/drive/MyDrive/newstart_ai/data/raw/ssa/ssa-7004-sp.pdf,SSA,SSA-7004-SP,form
ssa-7004.pdf,/content/drive/MyDrive/newstart_ai/data/raw/ssa/ssa-7004.pdf,SSA,SSA-7004,form
ssa-7008.pdf,/content/drive/MyDrive/newstart_ai/data/raw/ssa/ssa-7008.pdf,SSA,SSA-7008,form
ssa-7011-f4.pdf,/content/drive/MyDrive/newstart_ai/data/raw/ssa/ssa-7011-f4.pdf,SSA,SSA-7011-F,form
ssa-7050.pdf,/content/drive/MyDrive/newstart_ai/data/raw/ssa/ssa-7050.pdf,SSA,SSA-7050,form
ssa-7104.pdf,/content/drive/MyDrive/newstart_ai/data/raw/ssa/ssa-7104.pdf,SSA,SSA-7104,form
ssa-711.pdf,/content/drive/MyDrive/newstart_ai/data/raw/ssa/ssa-711.pdf,SSA,SSA-711,form
ssa-714.pdf,/content/drive/MyDrive/newstart_ai/data/raw/ssa/ssa-714.pdf,SSA,SSA-714,form
ssa-7156.pdf,/content/drive/MyDrive/newstart_ai/data/raw/ssa/ssa-7156.pdf,SSA,SSA-7156,form
ssa-7157.pdf,/content/drive/MyDrive/newstart_ai/data/raw/ssa/ssa-7157.pdf,SSA,SSA-7157,form
ssa-7160.pdf,/content/drive/MyDrive/newstart_ai/data/raw/ssa/ssa-7160.pdf,SSA,SSA-7160,form
ssa-7163.pdf,/content/drive/MyDrive/newstart_ai/data/raw/ssa/ssa-7163.pdf,SSA,SSA-7163,form
ssa-7163a.pdf,/content/drive/MyDrive/newstart_ai/data/raw/ssa/ssa-7163a.pdf,SSA,SSA-7163A,form
ssa-721.pdf,/content/drive/MyDrive/newstart_ai/data/raw/ssa/ssa-721.pdf,SSA,SSA-721,form
ssa-723.pdf,/content/drive/MyDrive/newstart_ai/data/raw/ssa/ssa-723.pdf,SSA,SSA-723,form
ssa-731.pdf,/content/drive/MyDrive/newstart_ai/data/raw/ssa/ssa-731.pdf,SSA,SSA-731,form
ssa-753.pdf,/content/drive/MyDrive/newstart_ai/data/raw/ssa/ssa-753.pdf,SSA,SSA-753,form
ssa-754-f5.pdf,/content/drive/MyDrive/newstart_ai/data/raw/ssa/ssa-754-f5.pdf,SSA,SSA-754-F,form
ssa-760.pdf,/content/drive/MyDrive/newstart_ai/data/raw/ssa/ssa-760.pdf,SSA,SSA-760,form
ssa-765.pdf,/content/drive/MyDrive/newstart_ai/data/raw/ssa/ssa-765.pdf,SSA,SSA-765,form
ssa-766.pdf,/content/drive/MyDrive/newstart_ai/data/raw/ssa/ssa-766.pdf,SSA,SSA-766,form
ssa-769-u4.pdf,/content/drive/MyDrive/newstart_ai/data/raw/ssa/ssa-769-u4.pdf,SSA,SSA-769-U,form
ssa-770-u4.pdf,/content/drive/MyDrive/newstart_ai/data/raw/ssa/ssa-770-u4.pdf,SSA,SSA-770-U,form
ssa-773-u4.pdf,/content/drive/MyDrive/newstart_ai/data/raw/ssa/ssa-773-u4.pdf,SSA,SSA-773-U,form
ssa-781.pdf,/content/drive/MyDrive/newstart_ai/data/raw/ssa/ssa-781.pdf,SSA,SSA-781,form
ssa-783.pdf,/content/drive/MyDrive/newstart_ai/data/raw/ssa/ssa-783.pdf,SSA,SSA-783,form
ssa-788.pdf,/content/drive/MyDrive/newstart_ai/data/raw/ssa/ssa-788.pdf,SSA,SSA-788,form
ssa-789.pdf,/content/drive/MyDrive/newstart_ai/data/raw/ssa/ssa-789.pdf,SSA,SSA-789,form
ssa-792.pdf,/content/drive/MyDrive/newstart_ai/data/raw/ssa/ssa-792.pdf,SSA,SSA-792,form
ssa-795-sp.pdf,/content/drive/MyDrive/newstart_ai/data/raw/ssa/ssa-795-sp.pdf,SSA,SSA-795-SP,form
ssa-795.pdf,/content/drive/MyDrive/newstart_ai/data/raw/ssa/ssa-795.pdf,SSA,SSA-795,form
ssa-8.pdf,/content/drive/MyDrive/newstart_ai/data/raw/ssa/ssa-8.pdf,SSA,SSA-8,form
ssa-8000-bk.pdf,/content/drive/MyDrive/newstart_ai/data/raw/ssa/ssa-8000-bk.pdf,SSA,SSA-8000-BK,form
ssa-8001-bk.pdf,/content/drive/MyDrive/newstart_ai/data/raw/ssa/ssa-8001-bk.pdf,SSA,SSA-8001-BK,form
ssa-8005-inst.pdf,/content/drive/MyDrive/newstart_ai/data/raw/ssa/ssa-8005-inst.pdf,SSA,SSA-8005-INST,instructions
ssa-8011-f3.pdf,/content/drive/MyDrive/newstart_ai/data/raw/ssa/ssa-8011-f3.pdf,SSA,SSA-8011-F,form
ssa-820.pdf,/content/drive/MyDrive/newstart_ai/data/raw/ssa/ssa-820.pdf,SSA,SSA-820,form
ssa-821.pdf,/content/drive/MyDrive/newstart_ai/data/raw/ssa/ssa-821.pdf,SSA,SSA-821,form
ssa-8240.pdf,/content/drive/MyDrive/newstart_ai/data/raw/ssa/ssa-8240.pdf,SSA,SSA-8240,form
ssa-827-inst-sp.pdf,/content/drive/MyDrive/newstart_ai/data/raw/ssa/ssa-827-inst-sp.pdf,SSA,SSA-827-INST-SP,instructions
ssa-827-inst.pdf,/content/drive/MyDrive/newstart_ai/data/raw/ssa/ssa-827-inst.pdf,SSA,SSA-827-INST,instructions
ssa-827.pdf,/content/drive/MyDrive/newstart_ai/data/raw/ssa/ssa-827.pdf,SSA,SSA-827,form
ssa-8510.pdf,/content/drive/MyDrive/newstart_ai/data/raw/ssa/ssa-8510.pdf,SSA,SSA-8510,form
ssa-8552.pdf,/content/drive/MyDrive/newstart_ai/data/raw/ssa/ssa-8552.pdf,SSA,SSA-8552,form
ssa-88.pdf,/content/drive/MyDrive/newstart_ai/data/raw/ssa/ssa-88.pdf,SSA,SSA-88,form
ssa-89-sp.pdf,/content/drive/MyDrive/newstart_ai/data/raw/ssa/ssa-89-sp.pdf,SSA,SSA-89-SP,form
ssa-89.pdf,/content/drive/MyDrive/newstart_ai/data/raw/ssa/ssa-89.pdf,SSA,SSA-89,form
